<annotation>
	<folder></folder>
	<filename>DJI_0656_JPG_jpg.rf.0e721b705f95bc83f7c2bac31e22d537.jpg</filename>
	<path>DJI_0656_JPG_jpg.rf.0e721b705f95bc83f7c2bac31e22d537.jpg</path>
	<source>
		<database>roboflow.ai</database>
	</source>
	<size>
		<width>500</width>
		<height>500</height>
		<depth>3</depth>
	</size>
	<segmented>0</segmented>
	<object>
		<name>conde</name>
		<pose>Unspecified</pose>
		<truncated>0</truncated>
		<difficult>0</difficult>
		<occluded>0</occluded>
		<bndbox>
			<xmin>56</xmin>
			<xmax>93</xmax>
			<ymin>196</ymin>
			<ymax>246</ymax>
		</bndbox>
	</object>
	<object>
		<name>conde</name>
		<pose>Unspecified</pose>
		<truncated>0</truncated>
		<difficult>0</difficult>
		<occluded>0</occluded>
		<bndbox>
			<xmin>49</xmin>
			<xmax>90</xmax>
			<ymin>2</ymin>
			<ymax>53</ymax>
		</bndbox>
	</object>
	<object>
		<name>conde</name>
		<pose>Unspecified</pose>
		<truncated>0</truncated>
		<difficult>0</difficult>
		<occluded>0</occluded>
		<bndbox>
			<xmin>53</xmin>
			<xmax>84</xmax>
			<ymin>299</ymin>
			<ymax>357</ymax>
		</bndbox>
	</object>
	<object>
		<name>conde</name>
		<pose>Unspecified</pose>
		<truncated>0</truncated>
		<difficult>0</difficult>
		<occluded>0</occluded>
		<bndbox>
			<xmin>52</xmin>
			<xmax>80</xmax>
			<ymin>464</ymin>
			<ymax>501</ymax>
		</bndbox>
	</object>
	<object>
		<name>conde</name>
		<pose>Unspecified</pose>
		<truncated>0</truncated>
		<difficult>0</difficult>
		<occluded>0</occluded>
		<bndbox>
			<xmin>58</xmin>
			<xmax>85</xmax>
			<ymin>134</ymin>
			<ymax>188</ymax>
		</bndbox>
	</object>
</annotation>
