<annotation>
	<folder></folder>
	<filename>DJI_0406_JPG_jpg.rf.ba33d985b65a49ae473569691b291d3b.jpg</filename>
	<path>DJI_0406_JPG_jpg.rf.ba33d985b65a49ae473569691b291d3b.jpg</path>
	<source>
		<database>roboflow.ai</database>
	</source>
	<size>
		<width>500</width>
		<height>500</height>
		<depth>3</depth>
	</size>
	<segmented>0</segmented>
	<object>
		<name>conde</name>
		<pose>Unspecified</pose>
		<truncated>0</truncated>
		<difficult>0</difficult>
		<occluded>0</occluded>
		<bndbox>
			<xmin>255</xmin>
			<xmax>299</xmax>
			<ymin>316</ymin>
			<ymax>350</ymax>
		</bndbox>
	</object>
	<object>
		<name>conde</name>
		<pose>Unspecified</pose>
		<truncated>0</truncated>
		<difficult>0</difficult>
		<occluded>0</occluded>
		<bndbox>
			<xmin>197</xmin>
			<xmax>254</xmax>
			<ymin>315</ymin>
			<ymax>347</ymax>
		</bndbox>
	</object>
	<object>
		<name>conde</name>
		<pose>Unspecified</pose>
		<truncated>0</truncated>
		<difficult>0</difficult>
		<occluded>0</occluded>
		<bndbox>
			<xmin>248</xmin>
			<xmax>294</xmax>
			<ymin>394</ymin>
			<ymax>435</ymax>
		</bndbox>
	</object>
	<object>
		<name>conde</name>
		<pose>Unspecified</pose>
		<truncated>0</truncated>
		<difficult>0</difficult>
		<occluded>0</occluded>
		<bndbox>
			<xmin>190</xmin>
			<xmax>248</xmax>
			<ymin>392</ymin>
			<ymax>434</ymax>
		</bndbox>
	</object>
</annotation>
