<annotation>
	<folder></folder>
	<filename>DJI_0444_JPG_jpg.rf.2b7b65feef0fdc576ba895a9fe52ed30.jpg</filename>
	<path>DJI_0444_JPG_jpg.rf.2b7b65feef0fdc576ba895a9fe52ed30.jpg</path>
	<source>
		<database>roboflow.ai</database>
	</source>
	<size>
		<width>500</width>
		<height>500</height>
		<depth>3</depth>
	</size>
	<segmented>0</segmented>
	<object>
		<name>conde</name>
		<pose>Unspecified</pose>
		<truncated>0</truncated>
		<difficult>0</difficult>
		<occluded>0</occluded>
		<bndbox>
			<xmin>459</xmin>
			<xmax>501</xmax>
			<ymin>384</ymin>
			<ymax>421</ymax>
		</bndbox>
	</object>
	<object>
		<name>conde</name>
		<pose>Unspecified</pose>
		<truncated>0</truncated>
		<difficult>0</difficult>
		<occluded>0</occluded>
		<bndbox>
			<xmin>21</xmin>
			<xmax>67</xmax>
			<ymin>292</ymin>
			<ymax>323</ymax>
		</bndbox>
	</object>
	<object>
		<name>conde</name>
		<pose>Unspecified</pose>
		<truncated>0</truncated>
		<difficult>0</difficult>
		<occluded>0</occluded>
		<bndbox>
			<xmin>168</xmin>
			<xmax>207</xmax>
			<ymin>291</ymin>
			<ymax>334</ymax>
		</bndbox>
	</object>
	<object>
		<name>conde</name>
		<pose>Unspecified</pose>
		<truncated>0</truncated>
		<difficult>0</difficult>
		<occluded>0</occluded>
		<bndbox>
			<xmin>441</xmin>
			<xmax>471</xmax>
			<ymin>328</ymin>
			<ymax>381</ymax>
		</bndbox>
	</object>
	<object>
		<name>conde</name>
		<pose>Unspecified</pose>
		<truncated>0</truncated>
		<difficult>0</difficult>
		<occluded>0</occluded>
		<bndbox>
			<xmin>214</xmin>
			<xmax>250</xmax>
			<ymin>356</ymin>
			<ymax>387</ymax>
		</bndbox>
	</object>
</annotation>
