<annotation>
	<folder></folder>
	<filename>DJI_0063_JPG_jpg.rf.373b0c665c792cdb0cec127017781925.jpg</filename>
	<path>DJI_0063_JPG_jpg.rf.373b0c665c792cdb0cec127017781925.jpg</path>
	<source>
		<database>roboflow.ai</database>
	</source>
	<size>
		<width>500</width>
		<height>500</height>
		<depth>3</depth>
	</size>
	<segmented>0</segmented>
	<object>
		<name>conde</name>
		<pose>Unspecified</pose>
		<truncated>0</truncated>
		<difficult>0</difficult>
		<occluded>0</occluded>
		<bndbox>
			<xmin>410</xmin>
			<xmax>431</xmax>
			<ymin>390</ymin>
			<ymax>417</ymax>
		</bndbox>
	</object>
</annotation>
