<annotation>
	<folder></folder>
	<filename>DJI_0264_JPG_jpg.rf.e7d4233e7b4f41d8c0908f082d32eb0f.jpg</filename>
	<path>DJI_0264_JPG_jpg.rf.e7d4233e7b4f41d8c0908f082d32eb0f.jpg</path>
	<source>
		<database>roboflow.ai</database>
	</source>
	<size>
		<width>500</width>
		<height>500</height>
		<depth>3</depth>
	</size>
	<segmented>0</segmented>
	<object>
		<name>conde</name>
		<pose>Unspecified</pose>
		<truncated>0</truncated>
		<difficult>0</difficult>
		<occluded>0</occluded>
		<bndbox>
			<xmin>175</xmin>
			<xmax>183</xmax>
			<ymin>433</ymin>
			<ymax>479</ymax>
		</bndbox>
	</object>
	<object>
		<name>conde</name>
		<pose>Unspecified</pose>
		<truncated>0</truncated>
		<difficult>0</difficult>
		<occluded>0</occluded>
		<bndbox>
			<xmin>176</xmin>
			<xmax>184</xmax>
			<ymin>383</ymin>
			<ymax>425</ymax>
		</bndbox>
	</object>
	<object>
		<name>conde</name>
		<pose>Unspecified</pose>
		<truncated>0</truncated>
		<difficult>0</difficult>
		<occluded>0</occluded>
		<bndbox>
			<xmin>178</xmin>
			<xmax>185</xmax>
			<ymin>317</ymin>
			<ymax>359</ymax>
		</bndbox>
	</object>
	<object>
		<name>conde</name>
		<pose>Unspecified</pose>
		<truncated>0</truncated>
		<difficult>0</difficult>
		<occluded>0</occluded>
		<bndbox>
			<xmin>179</xmin>
			<xmax>187</xmax>
			<ymin>233</ymin>
			<ymax>276</ymax>
		</bndbox>
	</object>
	<object>
		<name>conde</name>
		<pose>Unspecified</pose>
		<truncated>0</truncated>
		<difficult>0</difficult>
		<occluded>0</occluded>
		<bndbox>
			<xmin>182</xmin>
			<xmax>189</xmax>
			<ymin>145</ymin>
			<ymax>190</ymax>
		</bndbox>
	</object>
</annotation>
