<annotation>
	<folder></folder>
	<filename>DJI_0258_JPG_jpg.rf.4d5f777c5a79b4c6e6802d98655032de.jpg</filename>
	<path>DJI_0258_JPG_jpg.rf.4d5f777c5a79b4c6e6802d98655032de.jpg</path>
	<source>
		<database>roboflow.ai</database>
	</source>
	<size>
		<width>500</width>
		<height>500</height>
		<depth>3</depth>
	</size>
	<segmented>0</segmented>
	<object>
		<name>conde</name>
		<pose>Unspecified</pose>
		<truncated>0</truncated>
		<difficult>0</difficult>
		<occluded>0</occluded>
		<bndbox>
			<xmin>314</xmin>
			<xmax>332</xmax>
			<ymin>483</ymin>
			<ymax>501</ymax>
		</bndbox>
	</object>
	<object>
		<name>conde</name>
		<pose>Unspecified</pose>
		<truncated>0</truncated>
		<difficult>0</difficult>
		<occluded>0</occluded>
		<bndbox>
			<xmin>312</xmin>
			<xmax>331</xmax>
			<ymin>180</ymin>
			<ymax>247</ymax>
		</bndbox>
	</object>
	<object>
		<name>conde</name>
		<pose>Unspecified</pose>
		<truncated>0</truncated>
		<difficult>0</difficult>
		<occluded>0</occluded>
		<bndbox>
			<xmin>307</xmin>
			<xmax>320</xmax>
			<ymin>262</ymin>
			<ymax>316</ymax>
		</bndbox>
	</object>
</annotation>
