<annotation>
	<folder></folder>
	<filename>DJI_0322_JPG_jpg.rf.5601fd61ebd2b6942608e765ce22a10b.jpg</filename>
	<path>DJI_0322_JPG_jpg.rf.5601fd61ebd2b6942608e765ce22a10b.jpg</path>
	<source>
		<database>roboflow.ai</database>
	</source>
	<size>
		<width>500</width>
		<height>500</height>
		<depth>3</depth>
	</size>
	<segmented>0</segmented>
	<object>
		<name>conde</name>
		<pose>Unspecified</pose>
		<truncated>0</truncated>
		<difficult>0</difficult>
		<occluded>0</occluded>
		<bndbox>
			<xmin>394</xmin>
			<xmax>415</xmax>
			<ymin>383</ymin>
			<ymax>398</ymax>
		</bndbox>
	</object>
</annotation>
