<annotation>
	<folder></folder>
	<filename>DJI_0370_JPG_jpg.rf.3051fa9622e29bc0c3fe7daf0fba8040.jpg</filename>
	<path>DJI_0370_JPG_jpg.rf.3051fa9622e29bc0c3fe7daf0fba8040.jpg</path>
	<source>
		<database>roboflow.ai</database>
	</source>
	<size>
		<width>500</width>
		<height>500</height>
		<depth>3</depth>
	</size>
	<segmented>0</segmented>
	<object>
		<name>conde</name>
		<pose>Unspecified</pose>
		<truncated>0</truncated>
		<difficult>0</difficult>
		<occluded>0</occluded>
		<bndbox>
			<xmin>255</xmin>
			<xmax>288</xmax>
			<ymin>418</ymin>
			<ymax>448</ymax>
		</bndbox>
	</object>
	<object>
		<name>conde</name>
		<pose>Unspecified</pose>
		<truncated>0</truncated>
		<difficult>0</difficult>
		<occluded>0</occluded>
		<bndbox>
			<xmin>248</xmin>
			<xmax>282</xmax>
			<ymin>449</ymin>
			<ymax>482</ymax>
		</bndbox>
	</object>
	<object>
		<name>conde</name>
		<pose>Unspecified</pose>
		<truncated>0</truncated>
		<difficult>0</difficult>
		<occluded>0</occluded>
		<bndbox>
			<xmin>195</xmin>
			<xmax>245</xmax>
			<ymin>480</ymin>
			<ymax>501</ymax>
		</bndbox>
	</object>
</annotation>
