<annotation>
	<folder></folder>
	<filename>DJI_0309_JPG_jpg.rf.40e3f50d6b0c28261e2e4c51ecc0cd62.jpg</filename>
	<path>DJI_0309_JPG_jpg.rf.40e3f50d6b0c28261e2e4c51ecc0cd62.jpg</path>
	<source>
		<database>roboflow.ai</database>
	</source>
	<size>
		<width>500</width>
		<height>500</height>
		<depth>3</depth>
	</size>
	<segmented>0</segmented>
	<object>
		<name>conde</name>
		<pose>Unspecified</pose>
		<truncated>0</truncated>
		<difficult>0</difficult>
		<occluded>0</occluded>
		<bndbox>
			<xmin>277</xmin>
			<xmax>287</xmax>
			<ymin>22</ymin>
			<ymax>58</ymax>
		</bndbox>
	</object>
	<object>
		<name>conde</name>
		<pose>Unspecified</pose>
		<truncated>0</truncated>
		<difficult>0</difficult>
		<occluded>0</occluded>
		<bndbox>
			<xmin>253</xmin>
			<xmax>270</xmax>
			<ymin>1</ymin>
			<ymax>20</ymax>
		</bndbox>
	</object>
	<object>
		<name>conde</name>
		<pose>Unspecified</pose>
		<truncated>0</truncated>
		<difficult>0</difficult>
		<occluded>0</occluded>
		<bndbox>
			<xmin>31</xmin>
			<xmax>52</xmax>
			<ymin>144</ymin>
			<ymax>169</ymax>
		</bndbox>
	</object>
</annotation>
