<annotation>
	<folder></folder>
	<filename>DJI_0415_JPG_jpg.rf.fbdc4ae06346408f5340cc5701c26edc.jpg</filename>
	<path>DJI_0415_JPG_jpg.rf.fbdc4ae06346408f5340cc5701c26edc.jpg</path>
	<source>
		<database>roboflow.ai</database>
	</source>
	<size>
		<width>500</width>
		<height>500</height>
		<depth>3</depth>
	</size>
	<segmented>0</segmented>
	<object>
		<name>conde</name>
		<pose>Unspecified</pose>
		<truncated>0</truncated>
		<difficult>0</difficult>
		<occluded>0</occluded>
		<bndbox>
			<xmin>189</xmin>
			<xmax>231</xmax>
			<ymin>362</ymin>
			<ymax>398</ymax>
		</bndbox>
	</object>
	<object>
		<name>conde</name>
		<pose>Unspecified</pose>
		<truncated>0</truncated>
		<difficult>0</difficult>
		<occluded>0</occluded>
		<bndbox>
			<xmin>231</xmin>
			<xmax>267</xmax>
			<ymin>362</ymin>
			<ymax>399</ymax>
		</bndbox>
	</object>
	<object>
		<name>conde</name>
		<pose>Unspecified</pose>
		<truncated>0</truncated>
		<difficult>0</difficult>
		<occluded>0</occluded>
		<bndbox>
			<xmin>210</xmin>
			<xmax>266</xmax>
			<ymin>96</ymin>
			<ymax>131</ymax>
		</bndbox>
	</object>
</annotation>
