<annotation>
	<folder></folder>
	<filename>DJI_0172_JPG_jpg.rf.4a22984c12cd737fcaeea077f00c655c.jpg</filename>
	<path>DJI_0172_JPG_jpg.rf.4a22984c12cd737fcaeea077f00c655c.jpg</path>
	<source>
		<database>roboflow.ai</database>
	</source>
	<size>
		<width>500</width>
		<height>500</height>
		<depth>3</depth>
	</size>
	<segmented>0</segmented>
	<object>
		<name>conde</name>
		<pose>Unspecified</pose>
		<truncated>0</truncated>
		<difficult>0</difficult>
		<occluded>0</occluded>
		<bndbox>
			<xmin>50</xmin>
			<xmax>74</xmax>
			<ymin>299</ymin>
			<ymax>334</ymax>
		</bndbox>
	</object>
	<object>
		<name>conde</name>
		<pose>Unspecified</pose>
		<truncated>0</truncated>
		<difficult>0</difficult>
		<occluded>0</occluded>
		<bndbox>
			<xmin>45</xmin>
			<xmax>68</xmax>
			<ymin>437</ymin>
			<ymax>482</ymax>
		</bndbox>
	</object>
</annotation>
