<annotation>
	<folder></folder>
	<filename>DJI_0591_JPG_jpg.rf.727107f891168b8cdeddb6deff42e964.jpg</filename>
	<path>DJI_0591_JPG_jpg.rf.727107f891168b8cdeddb6deff42e964.jpg</path>
	<source>
		<database>roboflow.ai</database>
	</source>
	<size>
		<width>500</width>
		<height>500</height>
		<depth>3</depth>
	</size>
	<segmented>0</segmented>
	<object>
		<name>conde</name>
		<pose>Unspecified</pose>
		<truncated>0</truncated>
		<difficult>0</difficult>
		<occluded>0</occluded>
		<bndbox>
			<xmin>454</xmin>
			<xmax>482</xmax>
			<ymin>84</ymin>
			<ymax>129</ymax>
		</bndbox>
	</object>
	<object>
		<name>conde</name>
		<pose>Unspecified</pose>
		<truncated>0</truncated>
		<difficult>0</difficult>
		<occluded>0</occluded>
		<bndbox>
			<xmin>452</xmin>
			<xmax>482</xmax>
			<ymin>25</ymin>
			<ymax>83</ymax>
		</bndbox>
	</object>
</annotation>
