<annotation>
	<folder></folder>
	<filename>DJI_0341_JPG_jpg.rf.74fef0b976e793dd9ece4087f19d2622.jpg</filename>
	<path>DJI_0341_JPG_jpg.rf.74fef0b976e793dd9ece4087f19d2622.jpg</path>
	<source>
		<database>roboflow.ai</database>
	</source>
	<size>
		<width>500</width>
		<height>500</height>
		<depth>3</depth>
	</size>
	<segmented>0</segmented>
	<object>
		<name>conde</name>
		<pose>Unspecified</pose>
		<truncated>0</truncated>
		<difficult>0</difficult>
		<occluded>0</occluded>
		<bndbox>
			<xmin>222</xmin>
			<xmax>261</xmax>
			<ymin>375</ymin>
			<ymax>393</ymax>
		</bndbox>
	</object>
	<object>
		<name>conde</name>
		<pose>Unspecified</pose>
		<truncated>0</truncated>
		<difficult>0</difficult>
		<occluded>0</occluded>
		<bndbox>
			<xmin>85</xmin>
			<xmax>133</xmax>
			<ymin>379</ymin>
			<ymax>395</ymax>
		</bndbox>
	</object>
	<object>
		<name>conde</name>
		<pose>Unspecified</pose>
		<truncated>0</truncated>
		<difficult>0</difficult>
		<occluded>0</occluded>
		<bndbox>
			<xmin>308</xmin>
			<xmax>335</xmax>
			<ymin>374</ymin>
			<ymax>406</ymax>
		</bndbox>
	</object>
	<object>
		<name>conde</name>
		<pose>Unspecified</pose>
		<truncated>0</truncated>
		<difficult>0</difficult>
		<occluded>0</occluded>
		<bndbox>
			<xmin>448</xmin>
			<xmax>496</xmax>
			<ymin>395</ymin>
			<ymax>412</ymax>
		</bndbox>
	</object>
</annotation>
