<annotation>
	<folder></folder>
	<filename>DJI_0429_JPG_jpg.rf.9c5d57f5a65a764bfc6100c9dc1ff0d4.jpg</filename>
	<path>DJI_0429_JPG_jpg.rf.9c5d57f5a65a764bfc6100c9dc1ff0d4.jpg</path>
	<source>
		<database>roboflow.ai</database>
	</source>
	<size>
		<width>500</width>
		<height>500</height>
		<depth>3</depth>
	</size>
	<segmented>0</segmented>
	<object>
		<name>conde</name>
		<pose>Unspecified</pose>
		<truncated>0</truncated>
		<difficult>0</difficult>
		<occluded>0</occluded>
		<bndbox>
			<xmin>272</xmin>
			<xmax>309</xmax>
			<ymin>56</ymin>
			<ymax>90</ymax>
		</bndbox>
	</object>
	<object>
		<name>conde</name>
		<pose>Unspecified</pose>
		<truncated>0</truncated>
		<difficult>0</difficult>
		<occluded>0</occluded>
		<bndbox>
			<xmin>49</xmin>
			<xmax>93</xmax>
			<ymin>48</ymin>
			<ymax>104</ymax>
		</bndbox>
	</object>
</annotation>
