<annotation>
	<folder></folder>
	<filename>DJI_0649_JPG_jpg.rf.ef5447f0ce3782a29135cba61c403a58.jpg</filename>
	<path>DJI_0649_JPG_jpg.rf.ef5447f0ce3782a29135cba61c403a58.jpg</path>
	<source>
		<database>roboflow.ai</database>
	</source>
	<size>
		<width>500</width>
		<height>500</height>
		<depth>3</depth>
	</size>
	<segmented>0</segmented>
	<object>
		<name>conde</name>
		<pose>Unspecified</pose>
		<truncated>0</truncated>
		<difficult>0</difficult>
		<occluded>0</occluded>
		<bndbox>
			<xmin>418</xmin>
			<xmax>453</xmax>
			<ymin>18</ymin>
			<ymax>51</ymax>
		</bndbox>
	</object>
</annotation>
