<annotation>
	<folder></folder>
	<filename>DJI_0412_JPG_jpg.rf.dc5ba8dffb7dfd7ca37ec60d74c6eb1a.jpg</filename>
	<path>DJI_0412_JPG_jpg.rf.dc5ba8dffb7dfd7ca37ec60d74c6eb1a.jpg</path>
	<source>
		<database>roboflow.ai</database>
	</source>
	<size>
		<width>500</width>
		<height>500</height>
		<depth>3</depth>
	</size>
	<segmented>0</segmented>
	<object>
		<name>conde</name>
		<pose>Unspecified</pose>
		<truncated>0</truncated>
		<difficult>0</difficult>
		<occluded>0</occluded>
		<bndbox>
			<xmin>470</xmin>
			<xmax>501</xmax>
			<ymin>266</ymin>
			<ymax>303</ymax>
		</bndbox>
	</object>
	<object>
		<name>conde</name>
		<pose>Unspecified</pose>
		<truncated>0</truncated>
		<difficult>0</difficult>
		<occluded>0</occluded>
		<bndbox>
			<xmin>470</xmin>
			<xmax>501</xmax>
			<ymin>222</ymin>
			<ymax>266</ymax>
		</bndbox>
	</object>
</annotation>
