<annotation>
	<folder></folder>
	<filename>DJI_0218_JPG_jpg.rf.9ec6274a8ba9201222ce829e38d0011a.jpg</filename>
	<path>DJI_0218_JPG_jpg.rf.9ec6274a8ba9201222ce829e38d0011a.jpg</path>
	<source>
		<database>roboflow.ai</database>
	</source>
	<size>
		<width>500</width>
		<height>500</height>
		<depth>3</depth>
	</size>
	<segmented>0</segmented>
	<object>
		<name>conde</name>
		<pose>Unspecified</pose>
		<truncated>0</truncated>
		<difficult>0</difficult>
		<occluded>0</occluded>
		<bndbox>
			<xmin>187</xmin>
			<xmax>199</xmax>
			<ymin>207</ymin>
			<ymax>258</ymax>
		</bndbox>
	</object>
	<object>
		<name>conde</name>
		<pose>Unspecified</pose>
		<truncated>0</truncated>
		<difficult>0</difficult>
		<occluded>0</occluded>
		<bndbox>
			<xmin>192</xmin>
			<xmax>213</xmax>
			<ymin>10</ymin>
			<ymax>46</ymax>
		</bndbox>
	</object>
</annotation>
