<annotation>
	<folder></folder>
	<filename>DJI_0114_JPG_jpg.rf.b8b0090f27efe3ffd7a4cfe783e75cb5.jpg</filename>
	<path>DJI_0114_JPG_jpg.rf.b8b0090f27efe3ffd7a4cfe783e75cb5.jpg</path>
	<source>
		<database>roboflow.ai</database>
	</source>
	<size>
		<width>500</width>
		<height>500</height>
		<depth>3</depth>
	</size>
	<segmented>0</segmented>
	<object>
		<name>conde</name>
		<pose>Unspecified</pose>
		<truncated>0</truncated>
		<difficult>0</difficult>
		<occluded>0</occluded>
		<bndbox>
			<xmin>426</xmin>
			<xmax>478</xmax>
			<ymin>43</ymin>
			<ymax>73</ymax>
		</bndbox>
	</object>
</annotation>
