<annotation>
	<folder></folder>
	<filename>DJI_0106_JPG_jpg.rf.4286318fe599922c38d1174383dd27c5.jpg</filename>
	<path>DJI_0106_JPG_jpg.rf.4286318fe599922c38d1174383dd27c5.jpg</path>
	<source>
		<database>roboflow.ai</database>
	</source>
	<size>
		<width>500</width>
		<height>500</height>
		<depth>3</depth>
	</size>
	<segmented>0</segmented>
	<object>
		<name>conde</name>
		<pose>Unspecified</pose>
		<truncated>0</truncated>
		<difficult>0</difficult>
		<occluded>0</occluded>
		<bndbox>
			<xmin>275</xmin>
			<xmax>313</xmax>
			<ymin>405</ymin>
			<ymax>452</ymax>
		</bndbox>
	</object>
	<object>
		<name>conde</name>
		<pose>Unspecified</pose>
		<truncated>0</truncated>
		<difficult>0</difficult>
		<occluded>0</occluded>
		<bndbox>
			<xmin>9</xmin>
			<xmax>38</xmax>
			<ymin>418</ymin>
			<ymax>444</ymax>
		</bndbox>
	</object>
</annotation>
