<annotation>
	<folder></folder>
	<filename>DJI_0528_JPG_jpg.rf.77ae7911eabae481885f3b11dad5c5f4.jpg</filename>
	<path>DJI_0528_JPG_jpg.rf.77ae7911eabae481885f3b11dad5c5f4.jpg</path>
	<source>
		<database>roboflow.ai</database>
	</source>
	<size>
		<width>500</width>
		<height>500</height>
		<depth>3</depth>
	</size>
	<segmented>0</segmented>
	<object>
		<name>conde</name>
		<pose>Unspecified</pose>
		<truncated>0</truncated>
		<difficult>0</difficult>
		<occluded>0</occluded>
		<bndbox>
			<xmin>418</xmin>
			<xmax>489</xmax>
			<ymin>375</ymin>
			<ymax>406</ymax>
		</bndbox>
	</object>
	<object>
		<name>conde</name>
		<pose>Unspecified</pose>
		<truncated>0</truncated>
		<difficult>0</difficult>
		<occluded>0</occluded>
		<bndbox>
			<xmin>52</xmin>
			<xmax>122</xmax>
			<ymin>372</ymin>
			<ymax>403</ymax>
		</bndbox>
	</object>
</annotation>
